{
  "sample_idx": 1000,
  "seq_length": 240,
  "features": [
    "ema_5",
    "ema_10",
    "ema_20",
    "rsi",
    "macd",
    "volume_ma_5",
    "volume_ma_10"
  ],
  "true_label": 1,
  "label_name": "HIGH",
  "input_shape": [
    1,
    240,
    7
  ],
  "normalization": {
    "method": "z-score",
    "mean": [
      62585.93877970151,
      62585.82036838244,
      62585.579614392205,
      50.157739003210025,
      -0.002603281218872031,
      181.455299210289,
      181.45640313760427
    ],
    "std": [
      4474.548191620449,
      4474.040567050579,
      4473.030204098078,
      11.099834134356398,
      14.614242279036388,
      263.73215467901906,
      242.49513308341838
    ]
  }
}